{"precision":0.4879807692307692,"f1_score":0.6265432098765432,"RandomForestClassifier_Confusion_Matrix":{"width":600,"height":600,"_type":"image-file","sha256":"921767b416d07eb4a8a5cccdb2b2e1132e8c0b7a21053ebbe2a0aa92a9834a9a","size":27919,"path":"media/images/RandomForestClassifier_Confusion_Matrix_0_921767b416d07eb4a8a5.png","format":"png"},"recall":0.875,"test_f1_score":0.6265432098765432,"test_precision":0.4879807692307692,"_runtime":18,"test_recall":0.875,"_timestamp":1.751813495396529e+09,"roc_auc":0.946822815934714,"test_accuracy":0.8824957513959699,"_wandb":{"runtime":18},"RandomForestClassifier_ROC_Curve":{"sha256":"fd12fba3887ee1ee4ad202d60c4e4044c58c9169ad5c5aa5ae29d6ddb11e3747","size":39262,"path":"media/images/RandomForestClassifier_ROC_Curve_0_fd12fba3887ee1ee4ad2.png","format":"png","width":700,"height":700,"_type":"image-file"},"_step":2,"test_roc_auc":0.946822815934714,"accuracy":0.8824957513959699}