{"_wandb":{"runtime":626},"SVC_Confusion_Matrix":{"size":25700,"path":"media/images/SVC_Confusion_Matrix_0_d423fb25c4d45e75d343.png","format":"png","width":600,"height":600,"_type":"image-file","sha256":"d423fb25c4d45e75d3432d47f23fcc1c0413561f92304dcaad7154b8417bc471"},"_step":2,"SVC_ROC_Curve":{"height":700,"_type":"image-file","sha256":"110262613346eaf79312a0c01e642bb8291e857e5c80e6ba8167419c11c39738","size":39723,"path":"media/images/SVC_ROC_Curve_0_110262613346eaf79312.png","format":"png","width":700},"_timestamp":1.751813473102748e+09,"accuracy":0.8705996601116776,"recall":0.8933189655172413,"roc_auc":0.942203273149677,"test_precision":0.4615812917594655,"test_recall":0.8933189655172413,"f1_score":0.6086637298091042,"_runtime":626,"test_accuracy":0.8705996601116776,"test_roc_auc":0.942203273149677,"precision":0.4615812917594655,"test_f1_score":0.6086637298091042}