{"recall":0.9105603448275862,"_runtime":27,"test_f1_score":0.6114327062228654,"test_roc_auc":0.9437573706306902,"precision":0.460239651416122,"_timestamp":1.751812844946687e+09,"f1_score":0.6114327062228654,"test_accuracy":0.8696285506190823,"roc_auc":0.9437573706306902,"LogisticRegression_Confusion_Matrix":{"path":"media/images/LogisticRegression_Confusion_Matrix_0_d25240da943c0f8d0c16.png","format":"png","width":600,"height":600,"_type":"image-file","sha256":"d25240da943c0f8d0c166198ae3e6d9cdcf6d9dce9a85fa436d82dcb3ec3efd9","size":27668},"_wandb":{"runtime":27},"accuracy":0.8696285506190823,"test_precision":0.460239651416122,"_step":2,"LogisticRegression_ROC_Curve":{"format":"png","width":700,"height":700,"_type":"image-file","sha256":"8ff766e4a2234f0f4f87ba35218d0b5c1ba72b1b24d01491376eb07a4493af9c","size":39248,"path":"media/images/LogisticRegression_ROC_Curve_0_8ff766e4a2234f0f4f87.png"},"test_recall":0.9105603448275862}